<?xml version="1.0" encoding="UTF-8"?>
<!--
    파일명: log4j.xml
    작성일: 2024-11-26
    작성자: 선우
    설명: 로그 설정 파일 (SQL 쿼리 로그 출력)
-->
<!DOCTYPE log4j:configuration PUBLIC "-//APACHE//DTD LOG4J 1.2//EN" "log4j.dtd">
<log4j:configuration xmlns:log4j="http://jakarta.apache.org/log4j/">

	<!-- 콘솔 출력 설정 -->
	<appender name="console" class="org.apache.log4j.ConsoleAppender">
		<param name="Target" value="System.out" />
		<layout class="org.apache.log4j.PatternLayout">
			<param name="ConversionPattern" value="%-5p: %c - %m%n" />
		</layout>
	</appender>
	
	<!-- SQL 쿼리 로그 출력 (jdbc.sqlonly) -->
	<logger name="jdbc.sqlonly" additivity="false">
		<level value="info" />
		<appender-ref ref="console" />
	</logger>
	
	<!-- SQL 결과 로그 출력 (jdbc.resultsettable) -->
	<logger name="jdbc.resultsettable" additivity="false">
		<level value="info" />
		<appender-ref ref="console" />
	</logger>
	
	<!-- Spring 프레임워크 로그 -->
	<logger name="org.springframework">
		<level value="info" />
	</logger>

	<!-- MyBatis 로그 -->
	<logger name="org.mybatis">
		<level value="info" />
	</logger>
	
	<!-- 프로젝트 패키지 로그 -->
	<logger name="com.music">
		<level value="debug" />
	</logger>

	<!-- Root Logger 설정 -->
	<root>
		<priority value="warn" />
		<appender-ref ref="console" />
	</root>
	
</log4j:configuration>