<?xml version="1.0" encoding="UTF-8"?>
<!--
    ============================================
    파일명: CommentMapper.xml
    작성일: 2024-11-29
    작성자: 선우
    설명: 댓글 관련 SQL 쿼리
         - 댓글 CRUD
         - 작성자 정보 JOIN
    ============================================
-->
<!DOCTYPE mapper
  PUBLIC "-//mybatis.org//DTD Mapper 3.0//EN"
  "http://mybatis.org/dtd/mybatis-3-mapper.dtd">
  
<mapper namespace="com.music.mapper.CommentMapper">

	<!-- 특정 게시물의 댓글 목록 조회 (작성자 정보 포함) -->
	<select id="getCommentsByPostId" resultType="com.music.domain.CommentVO">
		SELECT c.comment_id as commentId,
		       c.post_id as postId,
		       c.user_id as userId,
		       c.content,
		       c.created_at as createdAt,
		       u.username
		FROM comments c
		JOIN users u ON c.user_id = u.user_id  <!-- 작성자 이름 조회 -->
		WHERE c.post_id = #{postId}
		ORDER BY c.created_at ASC  <!-- 작성일 오름차순 -->
	</select>
	
	<!-- 댓글 작성 -->
	<insert id="insertComment">
		INSERT INTO comments (post_id, user_id, content)
		VALUES (#{postId}, #{userId}, #{content})
	</insert>
	
	<!-- 댓글 수정 -->
	<update id="updateComment">
		UPDATE comments
		SET content = #{content}
		WHERE comment_id = #{commentId}
	</update>
	
	<!-- 댓글 삭제 -->
	<delete id="deleteComment">
		DELETE FROM comments
		WHERE comment_id = #{commentId}
	</delete>
	
</mapper>