<?xml version="1.0" encoding="UTF-8"?>
<!DOCTYPE mapper PUBLIC "-//mybatis.org//DTD Mapper 3.0//EN"
        "http://mybatis.org/dtd/mybatis-3-mapper.dtd">
<!--
    ============================================
    파일명: LikeMapper.xml
    작성일: 2024-12-02
    작성자: 선우
    설명: 좋아요 관련 SQL 쿼리
         - 좋아요 추가/취소
         - 좋아요 통계 조회
         - 인기 음원 조회
    ============================================
-->
<mapper namespace="com.music.mapper.LikeMapper">

    <!-- 좋아요 추가 -->
    <insert id="insert">
        INSERT INTO song_likes (user_id, song_id)
        VALUES (#{userId}, #{songId})
    </insert>
    
    <!-- 좋아요 취소 -->
    <delete id="delete">
        DELETE FROM song_likes
        WHERE user_id = #{userId} AND song_id = #{songId}
    </delete>
    
    <!-- 좋아요 여부 확인 (1: 좋아요, 0: 안함) -->
    <select id="isLiked" resultType="int">
        SELECT COUNT(*)
        FROM song_likes
        WHERE user_id = #{userId} AND song_id = #{songId}
    </select>
    
    <!-- 음원의 총 좋아요 수 -->
    <select id="getLikeCount" resultType="int">
        SELECT COUNT(*)
        FROM song_likes
        WHERE song_id = #{songId}
    </select>
	    
	<!-- 사용자가 좋아요한 음원 목록 (최신순) -->
	<select id="getLikedSongs" resultType="com.music.domain.SongVO">
	    SELECT 
	        s.song_id as songId,
	        s.song_title as songTitle,
	        s.artist_name as artistName,
	        s.album_title as albumTitle,
	        s.duration,
	        s.play_count as playCount,
	        s.file_path as filePath,
	        s.cover_image as coverImage,
	        s.created_at as createdAt
	    FROM song_likes l
	    INNER JOIN songs s ON l.song_id = s.song_id
	    WHERE l.user_id = #{userId}
	    ORDER BY l.created_at DESC  <!-- 최근 좋아요한 순 -->
	</select>
    
	<!-- 좋아요 많은 순으로 인기 음원 조회 -->
	<select id="getTopLikedSongs" resultType="com.music.domain.SongVO">
	    SELECT 
	        s.song_id as songId,
	        s.song_title as songTitle,
	        s.artist_name as artistName,
	        s.album_title as albumTitle,
	        s.duration,
	        s.play_count as playCount,
	        s.file_path as filePath,
	        s.cover_image as coverImage,
	        s.created_at as createdAt,
	        COUNT(l.like_id) as likeCount
	    FROM songs s
	    LEFT JOIN song_likes l ON s.song_id = l.song_id
	    GROUP BY s.song_id
	    ORDER BY likeCount DESC  <!-- 좋아요 많은 순 -->
	    LIMIT #{limit}
	</select>
	
</mapper>