<?xml version="1.0" encoding="UTF-8"?>
<!--
    ============================================
    파일명: PlaylistMapper.xml
    작성일: 2024-11-29
    작성자: 선우
    설명: 플레이리스트 관련 SQL 쿼리
         - 플레이리스트 CRUD
         - 플레이리스트-음원 관계 관리
    ============================================
-->
<!DOCTYPE mapper
  PUBLIC "-//mybatis.org//DTD Mapper 3.0//EN"
  "http://mybatis.org/dtd/mybatis-3-mapper.dtd">
  
<mapper namespace="com.music.mapper.PlaylistMapper">

	<!-- 특정 사용자의 플레이리스트 목록 조회 -->
	<select id="getPlaylistsByUserId" resultType="com.music.domain.PlaylistVO">
		SELECT p.playlist_id as playlistId,
		       p.user_id as userId,
		       p.playlist_name as playlistName,
		       p.description,
		       p.created_at as createdAt,
		       u.username
		FROM playlists p
		JOIN users u ON p.user_id = u.user_id
		WHERE p.user_id = #{userId}
		ORDER BY p.created_at DESC  <!-- 최신순 -->
	</select>
	
	<!-- 플레이리스트 상세 정보 조회 -->
	<select id="getPlaylistById" resultType="com.music.domain.PlaylistVO">
		SELECT p.playlist_id as playlistId,
		       p.user_id as userId,
		       p.playlist_name as playlistName,
		       p.description,
		       p.created_at as createdAt,
		       u.username
		FROM playlists p
		JOIN users u ON p.user_id = u.user_id
		WHERE p.playlist_id = #{playlistId}
	</select>
	
	<!-- 새 플레이리스트 생성 -->
	<insert id="insertPlaylist">
		INSERT INTO playlists (user_id, playlist_name, description)
		VALUES (#{userId}, #{playlistName}, #{description})
	</insert>
	
	<!-- 플레이리스트 정보 수정 -->
	<update id="updatePlaylist">
		UPDATE playlists
		SET playlist_name = #{playlistName},
		    description = #{description}
		WHERE playlist_id = #{playlistId}
	</update>
	
	<!-- 플레이리스트 삭제 -->
	<delete id="deletePlaylist">
		DELETE FROM playlists
		WHERE playlist_id = #{playlistId}
	</delete>
	
	<!-- 플레이리스트에 곡 추가 (다대다 관계) -->
	<insert id="addSongToPlaylist">
		INSERT INTO playlist_songs (playlist_id, song_id)
		VALUES (#{param1}, #{param2})
	</insert>
	
	<!-- 플레이리스트에서 곡 제거 -->
	<delete id="removeSongFromPlaylist">
		DELETE FROM playlist_songs
		WHERE playlist_id = #{param1} AND song_id = #{param2}
	</delete>
	
	<!-- 플레이리스트의 곡 목록 조회 -->
	<select id="getSongsInPlaylist" resultType="com.music.domain.SongVO">
		SELECT s.song_id as songId,
		       s.song_title as songTitle,
		       s.artist_name as artistName,
		       s.album_title as albumTitle,
		       s.duration,
		       s.file_path as filePath,
		       s.cover_image as coverImage,
		       s.play_count as playCount,
		       s.created_at as createdAt
		FROM songs s
		JOIN playlist_songs ps ON s.song_id = ps.song_id
		WHERE ps.playlist_id = #{playlistId}
		ORDER BY ps.added_at DESC  <!-- 최근 추가된 순 -->
	</select>
	
</mapper>