<?xml version="1.0" encoding="UTF-8"?>
<!--
    ============================================
    파일명: PostMapper.xml
    작성일: 2024-11-29
    작성자: 선우
    설명: 게시물 관련 SQL 쿼리
         - 게시글 CRUD
         - 카테고리별 조회
         - 검색 및 페이징
    ============================================
-->
<!DOCTYPE mapper
  PUBLIC "-//mybatis.org//DTD Mapper 3.0//EN"
  "http://mybatis.org/dtd/mybatis-3-mapper.dtd">
  
<mapper namespace="com.music.mapper.PostMapper">

	<!-- 전체 게시물 목록 조회 (최신순, 작성자 정보 포함) -->
	<select id="getAllPosts" resultType="com.music.domain.PostVO">
		SELECT p.post_id as postId,
		       p.user_id as userId,
		       p.category,
		       p.title,
		       p.content,
		       p.view_count as viewCount,
		       p.created_at as createdAt,
		       u.username
		FROM posts p
		JOIN users u ON p.user_id = u.user_id
		ORDER BY p.created_at DESC  <!-- 최신순 -->
	</select>
	
	<!-- 카테고리별 게시물 조회 -->
	<select id="getPostsByCategory" resultType="com.music.domain.PostVO">
		SELECT p.post_id as postId,
		       p.user_id as userId,
		       p.category,
		       p.title,
		       p.content,
		       p.view_count as viewCount,
		       p.created_at as createdAt,
		       u.username
		FROM posts p
		JOIN users u ON p.user_id = u.user_id
		WHERE p.category = #{category}
		ORDER BY p.created_at DESC
	</select>
	
	<!-- 게시물 상세 조회 -->
	<select id="getPostById" resultType="com.music.domain.PostVO">
		SELECT p.post_id as postId,
		       p.user_id as userId,
		       p.category,
		       p.title,
		       p.content,
		       p.view_count as viewCount,
		       p.created_at as createdAt,
		       u.username
		FROM posts p
		JOIN users u ON p.user_id = u.user_id
		WHERE p.post_id = #{postId}
	</select>
	
	<!-- 새 게시물 작성 -->
	<insert id="insertPost">
		INSERT INTO posts (user_id, category, title, content)
		VALUES (#{userId}, #{category}, #{title}, #{content})
	</insert>
	
	<!-- 게시물 수정 -->
	<update id="updatePost">
		UPDATE posts
		SET category = #{category},
		    title = #{title},
		    content = #{content}
		WHERE post_id = #{postId}
	</update>
	
	<!-- 게시물 삭제 -->
	<delete id="deletePost">
		DELETE FROM posts
		WHERE post_id = #{postId}
	</delete>
	
	<!-- 조회수 증가 -->
	<update id="increaseViewCount">
		UPDATE posts
		SET view_count = view_count + 1
		WHERE post_id = #{postId}
	</update>
	
	<!-- 게시물 검색 (제목 또는 내용) -->
	<select id="searchPosts" resultType="com.music.domain.PostVO">
		SELECT p.post_id as postId,
		       p.user_id as userId,
		       p.category,
		       p.title,
		       p.content,
		       p.view_count as viewCount,
		       p.created_at as createdAt,
		       u.username
		FROM posts p
		JOIN users u ON p.user_id = u.user_id
		WHERE p.title LIKE CONCAT('%', #{keyword}, '%')
		   OR p.content LIKE CONCAT('%', #{keyword}, '%')  <!-- 제목 또는 내용 검색 -->
		ORDER BY p.created_at DESC
	</select>
	
	<!-- 페이징된 게시글 목록 조회 -->
	<select id="getPostsWithPaging" resultType="com.music.domain.PostVO">
	    SELECT p.post_id as postId, 
	           p.user_id as userId, 
	           p.title, 
	           p.content, 
	           p.category, 
	           p.view_count as viewCount, 
	           p.created_at as createdAt,
	           u.username as username
	    FROM posts p
	    LEFT JOIN users u ON p.user_id = u.user_id
	    <if test="category != null and category != 'all'">
	        WHERE p.category = #{category}  <!-- 카테고리 필터링 -->
	    </if>
	    ORDER BY p.post_id DESC
	    LIMIT #{offset}, #{amount}  <!-- 페이징 -->
	</select>
	
	<!-- 전체 게시글 개수 (페이징 계산용) -->
	<select id="getTotalCount" resultType="int">
	    SELECT COUNT(*) FROM posts
	    <if test="category != null and category != 'all'">
	        WHERE category = #{category}
	    </if>
	</select>
	
</mapper>