<?xml version="1.0" encoding="UTF-8"?>
<!--
    ============================================
    파일명: SongMapper.xml
    작성일: 2024-11-29
    작성자: 선우
    설명: 음원 관련 SQL 쿼리
         - 음원 CRUD
         - 검색 및 페이징
         - 재생 횟수 관리
    ============================================
-->
<!DOCTYPE mapper
  PUBLIC "-//mybatis.org//DTD Mapper 3.0//EN"
  "http://mybatis.org/dtd/mybatis-3-mapper.dtd">
  
<mapper namespace="com.music.mapper.SongMapper">

	<!-- 전체 음원 목록 조회 (최신순) -->
	<select id="getAllSongs" resultType="com.music.domain.SongVO">
		SELECT song_id as songId,
		       song_title as songTitle,
		       artist_name as artistName,
		       album_title as albumTitle,
		       duration,
		       file_path as filePath,
		       cover_image as coverImage,
		       play_count as playCount,
		       created_at as createdAt
		FROM songs
		ORDER BY created_at DESC  <!-- 최신순 -->
	</select>
	
	<!-- 페이징된 음원 목록 조회 -->
	<select id="getSongsWithPaging" resultType="com.music.domain.SongVO">
	    SELECT song_id as songId, 
	           song_title as songTitle, 
	           artist_name as artistName, 
	           album_title as albumTitle, 
	           duration, 
	           play_count as playCount, 
	           file_path as filePath, 
	           cover_image as coverImage, 
	           user_id as userId, 
	           created_at as createdAt
	    FROM songs
	    ORDER BY created_at DESC
	    LIMIT #{offset}, #{amount}  <!-- 페이징 -->
	</select>
	
	<!-- 전체 음원 개수 (페이징 계산용) -->
	<select id="getTotalCount" resultType="int">
	    SELECT COUNT(*) FROM songs
	</select>
	
	<!-- 음원 상세 정보 조회 -->
	<select id="getSongById" resultType="com.music.domain.SongVO">
	    SELECT song_id as songId, 
	           song_title as songTitle, 
	           artist_name as artistName, 
	           album_title as albumTitle, 
	           duration, 
	           play_count as playCount, 
	           file_path as filePath, 
	           cover_image as coverImage, 
	           user_id as userId, 
	           created_at as createdAt
	    FROM songs
	    WHERE song_id = #{songId}
	</select>
	
	<!-- 새 음원 등록 -->
	<insert id="insertSong">
		 INSERT INTO songs (song_title, artist_name, album_title, duration, file_path, cover_image, user_id)
    VALUES (#{songTitle}, #{artistName}, #{albumTitle}, #{duration}, #{filePath}, #{coverImage}, #{userId})
	</insert>
	
	<!-- 음원 정보 수정 -->
	<update id="updateSong">
		UPDATE songs
		SET song_title = #{songTitle},
		    artist_name = #{artistName},
		    album_title = #{albumTitle},
		    duration = #{duration},
		    cover_image = #{coverImage}
		WHERE song_id = #{songId}
	</update>
	
	<!-- 음원 삭제 -->
	<delete id="deleteSong">
		DELETE FROM songs
		WHERE song_id = #{songId}
	</delete>
	
	<!-- 음원 검색 (제목/아티스트/앨범, 대소문자 무시) -->
	<select id="searchSongs" resultType="com.music.domain.SongVO">
	    SELECT song_id as songId, 
	           song_title as songTitle, 
	           artist_name as artistName, 
	           album_title as albumTitle, 
	           duration, 
	           play_count as playCount, 
	           file_path as filePath, 
	           cover_image as coverImage, 
	           user_id as userId, 
	           created_at as createdAt
	    FROM songs
	    WHERE LOWER(song_title) LIKE LOWER(CONCAT('%', #{keyword}, '%'))
	       OR LOWER(artist_name) LIKE LOWER(CONCAT('%', #{keyword}, '%'))
	       OR LOWER(album_title) LIKE LOWER(CONCAT('%', #{keyword}, '%'))
	    ORDER BY 
	        CASE  <!-- 정확도 순 정렬 -->
	            WHEN LOWER(song_title) = LOWER(#{keyword}) THEN 1
	            WHEN LOWER(artist_name) = LOWER(#{keyword}) THEN 2
	            WHEN LOWER(album_title) = LOWER(#{keyword}) THEN 3
	            ELSE 4
	        END,
	        play_count DESC,  <!-- 재생 횟수 -->
	        created_at DESC   <!-- 최신순 -->
	</select>
	
	<!-- 재생 횟수 증가 -->
	<update id="increasePlayCount">
		UPDATE songs
		SET play_count = play_count + 1
		WHERE song_id = #{songId}
	</update>
	
	<!-- 인기 음원 Top 10 (재생 횟수 기준) -->
	<select id="getTopSongs" resultType="com.music.domain.SongVO">
	    SELECT song_id as songId, 
	           song_title as songTitle, 
	           artist_name as artistName, 
	           album_title as albumTitle, 
	           duration, 
	           play_count as playCount, 
	           file_path as filePath, 
	           cover_image as coverImage, 
	           user_id as userId, 
	           created_at as createdAt
	    FROM songs
	    ORDER BY play_count DESC  <!-- 재생 횟수 많은 순 -->
	    LIMIT 10
	</select>

</mapper>