<?xml version="1.0" encoding="UTF-8"?>
<!--
    ============================================
    파일명: UserMapper.xml
    작성일: 2024-11-29 (수정: 2024-12-05)
    작성자: 선우
    설명: 회원 관련 SQL 쿼리
         - 로그인 인증
         - 회원 정보 CRUD
    ============================================
-->
<!DOCTYPE mapper
  PUBLIC "-//mybatis.org//DTD Mapper 3.0//EN"
  "http://mybatis.org/dtd/mybatis-3-mapper.dtd">
  
<mapper namespace="com.music.mapper.UserMapper">
	
	<!-- 로그인 (이메일과 비밀번호 검증) -->
	<select id="login" resultType="com.music.domain.UserVO">
	    SELECT user_id as userId, 
	           email, 
	           username, 
	           role,
	           created_at as createdAt
	    FROM users
	    WHERE email = #{param1} 
	      AND password = #{param2}
	</select>
	
	<!-- 이메일로 회원 정보 조회 (로그인, 중복 체크) -->
	<select id="getUserByEmail" resultType="com.music.domain.UserVO">
		SELECT user_id as userId,
		       email,
		       password,
		       username,
		       role,
		       profile_image as profileImage,
		       created_at as createdAt
		FROM users
		WHERE email = #{email}
	</select>
	
	<!-- 회원 ID로 회원 정보 조회 -->
	<select id="getUserById" resultType="com.music.domain.UserVO">
		SELECT user_id as userId,
		       email,
		       password,
		       username,
		       role,
		       profile_image as profileImage,
		       created_at as createdAt
		FROM users
		WHERE user_id = #{userId}
	</select>
	
	<!-- 회원가입 (기본 권한: user) -->
	<insert id="registerUser">
		INSERT INTO users (email, password, username, role)
		VALUES (#{email}, #{password}, #{username}, 'user')
	</insert>
	
	<!-- 회원가입 (프로필 이미지 포함) -->
	<insert id="insertUser">
		INSERT INTO users (email, password, username, profile_image, role)
		VALUES (#{email}, #{password}, #{username}, #{profileImage}, 'user')
	</insert>
	
	<!-- 회원 정보 수정 -->
	<update id="updateUser">
		UPDATE users
		SET username = #{username},
		    profile_image = #{profileImage}
		WHERE user_id = #{userId}
	</update>
	
	<!-- 회원 탈퇴 -->
	<delete id="deleteUser">
		DELETE FROM users
		WHERE user_id = #{userId}
	</delete>
	
</mapper>