<?xml version="1.0" encoding="UTF-8"?>
<!--
    파일명: servlet-context.xml
    작성일: 2024-11-26
    작성자: 선우
    설명: Spring MVC 웹 설정 (컨트롤러, 뷰, 정적 리소스)
-->
<beans:beans xmlns="http://www.springframework.org/schema/mvc"
	xmlns:xsi="http://www.w3.org/2001/XMLSchema-instance"
	xmlns:beans="http://www.springframework.org/schema/beans"
	xmlns:context="http://www.springframework.org/schema/context"
	xsi:schemaLocation="http://www.springframework.org/schema/mvc https://www.springframework.org/schema/mvc/spring-mvc.xsd
		http://www.springframework.org/schema/beans https://www.springframework.org/schema/beans/spring-beans.xsd
		http://www.springframework.org/schema/context https://www.springframework.org/schema/context/spring-context.xsd">

	<!-- @Controller 애노테이션 활성화 -->
	<annotation-driven />

	<!-- 정적 리소스 매핑 (CSS, JS, 이미지, 음원 파일) -->
	<resources mapping="/resources/**" location="/resources/" />
	<resources mapping="/music/**" location="/resources/music/" />
	<resources mapping="/images/**" location="/resources/images/" />

	<!-- JSP 뷰 리졸버 설정 -->
	<beans:bean class="org.springframework.web.servlet.view.InternalResourceViewResolver">
		<!-- JSP 파일 경로 앞에 붙을 prefix -->
		<beans:property name="prefix" value="/WEB-INF/views/" />
		<!-- JSP 파일 경로 뒤에 붙을 suffix -->
		<beans:property name="suffix" value=".jsp" />
	</beans:bean>
	
	<!-- Controller 클래스 스캔 -->
	<context:component-scan base-package="com.music.controller" />
	
	<!-- 파일 업로드 설정 (음원, 이미지 업로드용) -->
	<beans:bean id="multipartResolver" class="org.springframework.web.multipart.commons.CommonsMultipartResolver">
		<!-- 최대 업로드 파일 크기: 100MB -->
		<beans:property name="maxUploadSize" value="104857600" />
		<!-- 메모리에 저장할 최대 크기: 10MB -->
		<beans:property name="maxInMemorySize" value="10485760" />
		<!-- 업로드 시 기본 인코딩 -->
		<beans:property name="defaultEncoding" value="UTF-8" />
	</beans:bean>
	
</beans:beans>