<?xml version="1.0" encoding="UTF-8"?>
<!--
    파일명: root-context.xml
    작성일: 2024-11-26
    작성자: 선우
    설명: 데이터베이스 연결 및 MyBatis 설정
-->
<beans xmlns="http://www.springframework.org/schema/beans"
	xmlns:xsi="http://www.w3.org/2001/XMLSchema-instance"
	xmlns:context="http://www.springframework.org/schema/context"
	xmlns:mybatis-spring="http://mybatis.org/schema/mybatis-spring"
	xsi:schemaLocation="http://www.springframework.org/schema/beans https://www.springframework.org/schema/beans/spring-beans.xsd
		http://www.springframework.org/schema/context http://www.springframework.org/schema/context/spring-context-4.3.xsd
		http://mybatis.org/schema/mybatis-spring http://mybatis.org/schema/mybatis-spring-1.2.xsd">
	
	<!-- HikariCP 데이터소스 설정 (DB 연결 풀) -->
	<bean id="hikariConfig" class="com.zaxxer.hikari.HikariConfig">
		<!-- log4jdbc 드라이버 사용 (SQL 로그 출력용) -->
		<property name="driverClassName" value="net.sf.log4jdbc.sql.jdbcapi.DriverSpy"/>
		<!-- log4jdbc URL -->
		<property name="jdbcUrl" value="jdbc:log4jdbc:mariadb://localhost:3306/project"/>
		<!-- DB 접속 계정 -->
		<property name="username" value="swlim"/>
		<!-- DB 접속 비밀번호 -->
		<property name="password" value="1111"/>
	</bean>	
	
	<!-- HikariCP 데이터소스 생성 -->
	<bean id="dataSource" class="com.zaxxer.hikari.HikariDataSource" destroy-method="close">
		<constructor-arg ref="hikariConfig" />
	</bean>
	
	<!-- MyBatis SqlSessionFactory 설정 -->
	<bean id="sqlSessionFactory" class="org.mybatis.spring.SqlSessionFactoryBean">
		<!-- 데이터소스 주입 -->
		<property name="dataSource" ref="dataSource" />
		<!-- MyBatis 매퍼 XML 파일 위치 지정 -->
		<property name="mapperLocations" value="classpath:/com/music/mapper/**/*Mapper.xml" />
	</bean>
	
	<!-- MyBatis 매퍼 인터페이스 스캔 -->
	<mybatis-spring:scan base-package="com.music.mapper"/>
	
	<!-- Service 클래스 스캔 -->
	<context:component-scan base-package="com.music.service" />
	
</beans>